{
    "avg_prec": 0.9418695592437705,
    "roc_auc": 0.9592333834754025
}